case	frame	beforeCorePairs	afterCorePairs	beforeFullPairs	afterFullPairs	newPairs	removedPairs	retainedPairsMoved
pad19-a20-l12	130	0	2	0	2	59-60/66-67,61-62/66-67		0
pad19-a20-l12	131	1	0	1	0		70-71/74-75	0
pad19-a20-l12	133	1	0	1	0		68-69/71-72	0
pad19-a20-l12	142	0	2	0	2	61-62/66-67,63-64/66-67		0
pad19-a20-l12	143	0	2	0	2	60-61/67-68,62-63/67-68		0
periodic-padang19s-l12	153	1	0	1	0		62-63/71-72	0
periodic-padang19s-l12	160	1	0	1	0		63-64/65-66	0
periodic-padang19s-l12	167	0	2	0	2	60-61/68-69,62-63/68-69		0
periodic-padang19s-l12	168	1	3	1	3	57-58/68-69,61-62/68-69		0
periodic-padang19s-l12	169	0	2	0	2	60-61/67-68,62-63/67-68		0
periodic-padang19s-l12	170	0	2	0	2	56-57/69-70,58-59/69-70		0
periodic-padang19s-l12	171	0	2	0	2	58-59/70-71,59-60/70-71		0
periodic-padang19s-l12	172	0	2	0	2	58-59/70-71,60-61/70-71		0
periodic-padang19s-l12	173	0	2	0	2	58-59/70-71,61-62/70-71		0
periodic-padang19s-l12	174	0	2	0	2	57-58/70-71,60-61/70-71		0
periodic-point21-a15-l12	88	1	0	1	0		77-78/79-80	0
periodic-point21-a15-l12	99	0	2	0	2	59-60/69-70,60-61/69-70		0
periodic-point21-a15-l12	101	0	2	0	2	58-59/69-70,59-60/69-70		0
periodic-point21-a23-l12	112	0	2	0	2	59-60/70-71,60-61/70-71		0
periodic-point21-a23-l12	114	0	2	0	2	59-60/69-70,60-61/69-70		0
periodic-point21-a23-l12	115	0	2	0	2	59-60/69-70,60-61/69-70		0
periodic-point21-a23-l12	117	2	4	2	4	55-56/70-71,57-58/70-71,58-59/70-71,59-60/70-71	80-81/84-85,81-82/84-85	0
periodic-point21-a23-l12	119	0	2	0	2	55-56/71-72,57-58/71-72		0
periodic-point21-a23-l12	120	0	2	0	2	55-56/71-72,56-57/71-72		0
periodic-point21-a23-l12	121	0	2	0	2	53-54/71-72,56-57/71-72		0
periodic-point21-a23-l12	122	0	2	0	2	56-57/71-72,57-58/71-72		0
periodic-reef42-l12	70	1	0	1	0		80-81/88-89	0
