scope	id/row	valid	beforeMaxGap	afterMaxGap	beforeCavityWidth	afterCavityWidth	beforeWidthGap>=threshold	afterWidthGap>=threshold	lipJoinDegrees	throatJoinDegrees
meters	124	True	1.1877816731448827	1.6018226130802258	1.563218006095936	1.563218006095936	0	0.6270383490681424	-170.32680819926597	172.64621406755288
meters	125	True	1.2032285732880754	1.5966226365977951	1.7063401840677836	1.7063401840677836	0	0.6407045846423851	-169.12037128180683	122.07201935910952
meters	126	True	1.192469327095234	1.5735385089830887	1.8285965041613375	1.8285965041613375	0	0.642473738724646	-177.49833232593699	169.73631001974053
meters	127	True	1.205670540929749	1.5871911381068977	1.8558788673275426	1.8558788673275426	0	0.6770846592028514	-177.08523069282268	170.61334584868098
meters	128	True	1.213434148378387	1.594039807149525	1.8751749961561308	1.8751749961561308	0	0.6943662100233923	-176.73892075075975	170.82018489477642
h0	pad19-a20-l12@held143	True	0.06881345786895007	0.13406237739418317	0.10879898071289062	0.10879898071289062	0	0	-83.11542815037903	27.902812254492797
h0	pad19-a30-l12@held155	True	0.1674977959486007	0.22080313618206415	0.261199951171875	0.261199951171875	0	0.08583275699436488	-177.22431231835918	170.71046918369396
h0	pad19-a45-l12@held161	True	0.24970086968453625	0.3067457639891988	0.38980090618133545	0.38980090618133545	0.19875558402574645	0.23533523242117083	-176.53171192130304	173.95168225221607
h0	periodic-padang19s-l12@held174	True	0.07032649311972206	0.1329285300358991	0.106597900390625	0.106597900390625	0	0	-77.37588911719229	24.124076488969283
h0	periodic-point21-a15-l12@held101	True	0.07801892665079242	0.13417939557618125	0.12200164794921875	0.12200164794921875	0	0	-140.1051460021955	31.674802547993917
h0	periodic-point21-a23-l12@held122	True	0.10320656048418136	0.1600792026677338	0.13909912109375	0.13909912109375	0	0	-82.34135384433866	31.145918131085875
h0	periodic-point21-a30-l12@held166	True	0.18283768782052381	0.2461558807730217	0.29759979248046875	0.29759979248046875	0	0.12879613810306134	-160.26406177771264	167.76515852173992
h0	periodic-reef42-l12@held184	True	0.09937970880065077	0.20337962298725992	0.3474006652832031	0.3474006652832031	0	0.046748473681720304	-177.45098936230053	52.450567390277214
