scope	id	maturity	oldMaxGap	newMaxGap	newContinuousWidth1.6	newRoofVerticalMin	newRoofVerticalMax	tipYChange	newCrossings
meters	124	0.9999911390960344	1.1877816731448827	1.6809910292154204	0.028678057690615155	1.0054720966934383e-07	0.13259078012583436	0.8483532787661316	0
meters	125	0.9998006886623841	1.2032285732880754	1.7014996994724676	0.04662284453396337	1.0055986221502167e-07	0.18357664634230653	1.021619377844167	0
meters	126	0.9999379197257496	1.192469327095234	1.717935432709817	0.06800698711906117	1.0054785670732258e-07	0.19600272100372607	1.2534011815252335	0
meters	127	0.9999432160780947	1.205670540929749	1.737725066109704	0.10225735770514133	1.0054773191825461e-07	0.23949826115354123	1.274058177750902	0
meters	128	0.999945658339786	1.213434148378387	1.7518469237950782	0.13097021046364432	1.0054773458278987e-07	0.2502982141707213	1.2787346992789808	0
h0	pad19-a20-l12@143	0.9906672409037531	0.06881345786895007	0.14865055830088506	0	None	None	0.10995283067384276	0
h0	pad19-a30-l12@155	0.9999465482014207	0.1674977959486007	0.24228602857718715	0.006068156260430335	1.0054790883229359e-07	0.02447797979891575	0.18220919973381317	0
h0	pad19-a45-l12@161	0.9999688073200181	0.24970086968453625	0.3457910850796709	0.327662568721955	1.0054551374816256e-07	0.09472917057061303	0.2835611367813985	0
h0	periodic-padang19s-l12@174	0.9641344968927631	0.07032649311972206	0.1606680957105728	0	None	None	0.1101391611747975	0
h0	periodic-point21-a15-l12@101	0.9831277893056647	0.07801892665079242	0.1599040278295194	0	None	None	0.12152038758248512	0
h0	periodic-point21-a23-l12@122	0.9987148287982409	0.10320656048418136	0.1992579652072693	0	None	None	0.1499380785883564	0
h0	periodic-point21-a30-l12@166	0.9998924204285117	0.18283768782052381	0.29532642562441314	0.18712855319153654	1.0054528659653172e-07	0.04825589997092411	0.21024920339383157	0
h0	periodic-reef42-l12@184	0.2655304311447587	0.09937970880065077	0.11906461581400246	0	None	None	0.040114389221045814	0
